created_at,station_id,type,data
2024-01-17 02:25:58.266001+00,zm_test/1,rainfallSummary,"{""data"":[{""year"":1945,""n_rain"":null,""station"":""CHIPATA MET"",""annual_rain"":210,""end_rains_doy"":365,""season_length"":null,""end_rains_date"":""1945-12-30"",""end_season_doy"":null,""end_season_date"":{},""n_seasonal_rain"":null,""start_rains_doy"":null,""start_rains_date"":{}},{""year"":1946,""n_rain"":93,""station"":""CHIPATA MET"",""annual_rain"":1081.2,""end_rains_doy"":366,""season_length"":364,""end_rains_date"":""1946-12-31"",""end_season_doy"":121,""end_season_date"":""1946-04-30"",""n_seasonal_rain"":93,""start_rains_doy"":1,""start_rains_date"":""1946-01-01""},{""year"":1947,""n_rain"":91,""station"":""CHIPATA MET"",""annual_rain"":1055.3,""end_rains_doy"":362,""season_length"":358,""end_rains_date"":""1947-12-27"",""end_season_doy"":121,""end_season_date"":""1947-04-30"",""n_seasonal_rain"":91,""start_rains_doy"":3,""start_rains_date"":""1947-01-03""},{""year"":1948,""n_rain"":92,""station"":""CHIPATA MET"",""annual_rain"":1212.3,""end_rains_doy"":359,""season_length"":354,""end_rains_date"":""1948-12-24"",""end_season_doy"":125,""end_season_date"":""1948-05-04"",""n_seasonal_rain"":87,""start_rains_doy"":5,""start_rains_date"":""1948-01-05""},{""year"":1949,""n_rain"":72,""station"":""CHIPATA MET"",""annual_rain"":896.7,""end_rains_doy"":366,""season_length"":345,""end_rains_date"":""1949-12-31"",""end_season_doy"":121,""end_season_date"":""1949-04-30"",""n_seasonal_rain"":71,""start_rains_doy"":20,""start_rains_date"":""1949-01-20""},{""year"":1950,""n_rain"":87,""station"":""CHIPATA MET"",""annual_rain"":1048.1,""end_rains_doy"":365,""season_length"":362,""end_rains_date"":""1950-12-30"",""end_season_doy"":121,""end_season_date"":""1950-04-30"",""n_seasonal_rain"":87,""start_rains_doy"":2,""start_rains_date"":""1950-01-02""},{""year"":1951,""n_rain"":102,""station"":""CHIPATA MET"",""annual_rain"":1100.1,""end_rains_doy"":366,""season_length"":360,""end_rains_date"":""1951-12-31"",""end_season_doy"":121,""end_season_date"":""1951-04-30"",""n_seasonal_rain"":100,""start_rains_doy"":5,""start_rains_date"":""1951-01-05""},{""year"":1952,""n_rain"":74,""station"":""CHIPATA MET"",""annual_rain"":893.1999999999999,""end_rains_doy"":365,""season_length"":363,""end_rains_date"":""1952-12-30"",""end_season_doy"":121,""end_season_date"":""1952-04-30"",""n_seasonal_rain"":73,""start_rains_doy"":2,""start_rains_date"":""1952-01-02""},{""year"":1953,""n_rain"":84,""station"":""CHIPATA MET"",""annual_rain"":1056.9,""end_rains_doy"":366,""season_length"":364,""end_rains_date"":""1953-12-31"",""end_season_doy"":121,""end_season_date"":""1953-04-30"",""n_seasonal_rain"":84,""start_rains_doy"":1,""start_rains_date"":""1953-01-01""},{""year"":1954,""n_rain"":75,""station"":""CHIPATA MET"",""annual_rain"":793,""end_rains_doy"":366,""season_length"":358,""end_rains_date"":""1954-12-31"",""end_season_doy"":121,""end_season_date"":""1954-04-30"",""n_seasonal_rain"":70,""start_rains_doy"":7,""start_rains_date"":""1954-01-07""},{""year"":1955,""n_rain"":84,""station"":""CHIPATA MET"",""annual_rain"":1113.7,""end_rains_doy"":364,""season_length"":362,""end_rains_date"":""1955-12-29"",""end_season_doy"":121,""end_season_date"":""1955-04-30"",""n_seasonal_rain"":83,""start_rains_doy"":1,""start_rains_date"":""1955-01-01""},{""year"":1956,""n_rain"":106,""station"":""CHIPATA MET"",""annual_rain"":1255.4,""end_rains_doy"":366,""season_length"":361,""end_rains_date"":""1956-12-31"",""end_season_doy"":121,""end_season_date"":""1956-04-30"",""n_seasonal_rain"":102,""start_rains_doy"":5,""start_rains_date"":""1956-01-05""},{""year"":1957,""n_rain"":86,""station"":""CHIPATA MET"",""annual_rain"":973.4,""end_rains_doy"":361,""season_length"":359,""end_rains_date"":""1957-12-26"",""end_season_doy"":121,""end_season_date"":""1957-04-30"",""n_seasonal_rain"":85,""start_rains_doy"":1,""start_rains_date"":""1957-01-01""},{""year"":1958,""n_rain"":77,""station"":""CHIPATA MET"",""annual_rain"":849.5,""end_rains_doy"":359,""season_length"":350,""end_rains_date"":""1958-12-24"",""end_season_doy"":121,""end_season_date"":""1958-04-30"",""n_seasonal_rain"":68,""start_rains_doy"":8,""start_rains_date"":""1958-01-08""},{""year"":1959,""n_rain"":84,""station"":""CHIPATA MET"",""annual_rain"":1032.3,""end_rains_doy"":364,""season_length"":352,""end_rains_date"":""1959-12-29"",""end_season_doy"":121,""end_season_date"":""1959-04-30"",""n_seasonal_rain"":77,""start_rains_doy"":11,""start_rains_date"":""1959-01-11""},{""year"":1960,""n_rain"":75,""station"":""CHIPATA MET"",""annual_rain"":919.2,""end_rains_doy"":365,""season_length"":339,""end_rains_date"":""1960-12-30"",""end_season_doy"":121,""end_season_date"":""1960-04-30"",""n_seasonal_rain"":64,""start_rains_doy"":26,""start_rains_date"":""1960-01-26""},{""year"":1961,""n_rain"":105,""station"":""CHIPATA MET"",""annual_rain"":1355.1,""end_rains_doy"":363,""season_length"":361,""end_rains_date"":""1961-12-28"",""end_season_doy"":122,""end_season_date"":""1961-05-01"",""n_seasonal_rain"":104,""start_rains_doy"":1,""start_rains_date"":""1961-01-01""},{""year"":1962,""n_rain"":97,""station"":""CHIPATA MET"",""annual_rain"":1276.3,""end_rains_doy"":365,""season_length"":361,""end_rains_date"":""1962-12-30"",""end_season_doy"":121,""end_season_date"":""1962-04-30"",""n_seasonal_rain"":95,""start_rains_doy"":3,""start_rains_date"":""1962-01-03""},{""year"":1963,""n_rain"":97,""station"":""CHIPATA MET"",""annual_rain"":1019.5,""end_rains_doy"":365,""season_length"":363,""end_rains_date"":""1963-12-30"",""end_season_doy"":121,""end_season_date"":""1963-04-30"",""n_seasonal_rain"":96,""start_rains_doy"":1,""start_rains_date"":""1963-01-01""},{""year"":1964,""n_rain"":70,""station"":""CHIPATA MET"",""annual_rain"":834.9,""end_rains_doy"":363,""season_length"":358,""end_rains_date"":""1964-12-28"",""end_season_doy"":121,""end_season_date"":""1964-04-30"",""n_seasonal_rain"":67,""start_rains_doy"":5,""start_rains_date"":""1964-01-05""},{""year"":1965,""n_rain"":82,""station"":""CHIPATA MET"",""annual_rain"":996.6999999999999,""end_rains_doy"":362,""season_length"":360,""end_rains_date"":""1965-12-27"",""end_season_doy"":121,""end_season_date"":""1965-04-30"",""n_seasonal_rain"":82,""start_rains_doy"":1,""start_rains_date"":""1965-01-01""},{""year"":1966,""n_rain"":75,""station"":""CHIPATA MET"",""annual_rain"":817.4,""end_rains_doy"":364,""season_length"":361,""end_rains_date"":""1966-12-29"",""end_season_doy"":121,""end_season_date"":""1966-04-30"",""n_seasonal_rain"":73,""start_rains_doy"":2,""start_rains_date"":""1966-01-02""},{""year"":1967,""n_rain"":99,""station"":""CHIPATA MET"",""annual_rain"":1084,""end_rains_doy"":361,""season_length"":354,""end_rains_date"":""1967-12-26"",""end_season_doy"":121,""end_season_date"":""1967-04-30"",""n_seasonal_rain"":93,""start_rains_doy"":6,""start_rains_date"":""1967-01-06""},{""year"":1968,""n_rain"":86,""station"":""CHIPATA MET"",""annual_rain"":904.5,""end_rains_doy"":366,""season_length"":352,""end_rains_date"":""1968-12-31"",""end_season_doy"":121,""end_season_date"":""1968-04-30"",""n_seasonal_rain"":81,""start_rains_doy"":14,""start_rains_date"":""1968-01-14""},{""year"":1969,""n_rain"":105,""station"":""CHIPATA MET"",""annual_rain"":1207.5,""end_rains_doy"":359,""season_length"":352,""end_rains_date"":""1969-12-24"",""end_season_doy"":121,""end_season_date"":""1969-04-30"",""n_seasonal_rain"":98,""start_rains_doy"":6,""start_rains_date"":""1969-01-06""},{""year"":1970,""n_rain"":74,""station"":""CHIPATA MET"",""annual_rain"":987.5,""end_rains_doy"":360,""season_length"":355,""end_rains_date"":""1970-12-25"",""end_season_doy"":121,""end_season_date"":""1970-04-30"",""n_seasonal_rain"":68,""start_rains_doy"":4,""start_rains_date"":""1970-01-04""},{""year"":1971,""n_rain"":102,""station"":""CHIPATA MET"",""annual_rain"":1104.6,""end_rains_doy"":362,""season_length"":359,""end_rains_date"":""1971-12-27"",""end_season_doy"":121,""end_season_date"":""1971-04-30"",""n_seasonal_rain"":101,""start_rains_doy"":2,""start_rains_date"":""1971-01-02""},{""year"":1972,""n_rain"":78,""station"":""CHIPATA MET"",""annual_rain"":965.8,""end_rains_doy"":365,""season_length"":355,""end_rains_date"":""1972-12-30"",""end_season_doy"":121,""end_season_date"":""1972-04-30"",""n_seasonal_rain"":74,""start_rains_doy"":10,""start_rains_date"":""1972-01-10""},{""year"":1973,""n_rain"":76,""station"":""CHIPATA MET"",""annual_rain"":803.8,""end_rains_doy"":361,""season_length"":357,""end_rains_date"":""1973-12-26"",""end_season_doy"":121,""end_season_date"":""1973-04-30"",""n_seasonal_rain"":72,""start_rains_doy"":3,""start_rains_date"":""1973-01-03""},{""year"":1974,""n_rain"":102,""station"":""CHIPATA MET"",""annual_rain"":1461.1,""end_rains_doy"":360,""season_length"":355,""end_rains_date"":""1974-12-25"",""end_season_doy"":121,""end_season_date"":""1974-04-30"",""n_seasonal_rain"":97,""start_rains_doy"":4,""start_rains_date"":""1974-01-04""},{""year"":1975,""n_rain"":67,""station"":""CHIPATA MET"",""annual_rain"":652.3,""end_rains_doy"":359,""season_length"":355,""end_rains_date"":""1975-12-24"",""end_season_doy"":121,""end_season_date"":""1975-04-30"",""n_seasonal_rain"":65,""start_rains_doy"":3,""start_rains_date"":""1975-01-03""},{""year"":1976,""n_rain"":92,""station"":""CHIPATA MET"",""annual_rain"":1097.9,""end_rains_doy"":361,""season_length"":354,""end_rains_date"":""1976-12-26"",""end_season_doy"":121,""end_season_date"":""1976-04-30"",""n_seasonal_rain"":86,""start_rains_doy"":7,""start_rains_date"":""1976-01-07""},{""year"":1977,""n_rain"":89,""station"":""CHIPATA MET"",""annual_rain"":1096.9,""end_rains_doy"":365,""season_length"":360,""end_rains_date"":""1977-12-30"",""end_season_doy"":121,""end_season_date"":""1977-04-30"",""n_seasonal_rain"":86,""start_rains_doy"":4,""start_rains_date"":""1977-01-04""},{""year"":1978,""n_rain"":101,""station"":""CHIPATA MET"",""annual_rain"":1637.3,""end_rains_doy"":366,""season_length"":362,""end_rains_date"":""1978-12-31"",""end_season_doy"":121,""end_season_date"":""1978-04-30"",""n_seasonal_rain"":100,""start_rains_doy"":3,""start_rains_date"":""1978-01-03""},{""year"":1979,""n_rain"":75,""station"":""CHIPATA MET"",""annual_rain"":881.9,""end_rains_doy"":365,""season_length"":343,""end_rains_date"":""1979-12-30"",""end_season_doy"":121,""end_season_date"":""1979-04-30"",""n_seasonal_rain"":71,""start_rains_doy"":21,""start_rains_date"":""1979-01-21""},{""year"":1980,""n_rain"":85,""station"":""CHIPATA MET"",""annual_rain"":1007.9,""end_rains_doy"":365,""season_length"":364,""end_rains_date"":""1980-12-30"",""end_season_doy"":121,""end_season_date"":""1980-04-30"",""n_seasonal_rain"":84,""start_rains_doy"":1,""start_rains_date"":""1980-01-01""},{""year"":1981,""n_rain"":69,""station"":""CHIPATA MET"",""annual_rain"":831.5,""end_rains_doy"":366,""season_length"":364,""end_rains_date"":""1981-12-31"",""end_season_doy"":121,""end_season_date"":""1981-04-30"",""n_seasonal_rain"":69,""start_rains_doy"":1,""start_rains_date"":""1981-01-01""},{""year"":1982,""n_rain"":90,""station"":""CHIPATA MET"",""annual_rain"":942,""end_rains_doy"":362,""season_length"":359,""end_rains_date"":""1982-12-27"",""end_season_doy"":121,""end_season_date"":""1982-04-30"",""n_seasonal_rain"":87,""start_rains_doy"":2,""start_rains_date"":""1982-01-02""},{""year"":1983,""n_rain"":75,""station"":""CHIPATA MET"",""annual_rain"":767.6,""end_rains_doy"":365,""season_length"":361,""end_rains_date"":""1983-12-30"",""end_season_doy"":121,""end_season_date"":""1983-04-30"",""n_seasonal_rain"":75,""start_rains_doy"":3,""start_rains_date"":""1983-01-03""},{""year"":1984,""n_rain"":76,""station"":""CHIPATA MET"",""annual_rain"":1029.6,""end_rains_doy"":366,""season_length"":365,""end_rains_date"":""1984-12-31"",""end_season_doy"":121,""end_season_date"":""1984-04-30"",""n_seasonal_rain"":76,""start_rains_doy"":1,""start_rains_date"":""1984-01-01""},{""year"":1985,""n_rain"":102,""station"":""CHIPATA MET"",""annual_rain"":1299.6,""end_rains_doy"":365,""season_length"":356,""end_rains_date"":""1985-12-30"",""end_season_doy"":121,""end_season_date"":""1985-04-30"",""n_seasonal_rain"":99,""start_rains_doy"":8,""start_rains_date"":""1985-01-08""},{""year"":1986,""n_rain"":82,""station"":""CHIPATA MET"",""annual_rain"":945.1,""end_rains_doy"":364,""season_length"":357,""end_rains_date"":""1986-12-29"",""end_season_doy"":121,""end_season_date"":""1986-04-30"",""n_seasonal_rain"":76,""start_rains_doy"":6,""start_rains_date"":""1986-01-06""},{""year"":1987,""n_rain"":62,""station"":""CHIPATA MET"",""annual_rain"":579.4,""end_rains_doy"":365,""season_length"":352,""end_rains_date"":""1987-12-30"",""end_season_doy"":121,""end_season_date"":""1987-04-30"",""n_seasonal_rain"":54,""start_rains_doy"":12,""start_rains_date"":""1987-01-12""},{""year"":1988,""n_rain"":82,""station"":""CHIPATA MET"",""annual_rain"":1178.1,""end_rains_doy"":356,""season_length"":355,""end_rains_date"":""1988-12-21"",""end_season_doy"":121,""end_season_date"":""1988-04-30"",""n_seasonal_rain"":77,""start_rains_doy"":1,""start_rains_date"":""1988-01-01""},{""year"":1989,""n_rain"":89,""station"":""CHIPATA MET"",""annual_rain"":1343.3,""end_rains_doy"":365,""season_length"":360,""end_rains_date"":""1989-12-30"",""end_season_doy"":121,""end_season_date"":""1989-04-30"",""n_seasonal_rain"":86,""start_rains_doy"":4,""start_rains_date"":""1989-01-04""},{""year"":1990,""n_rain"":62,""station"":""CHIPATA MET"",""annual_rain"":685.1,""end_rains_doy"":364,""season_length"":362,""end_rains_date"":""1990-12-29"",""end_season_doy"":121,""end_season_date"":""1990-04-30"",""n_seasonal_rain"":62,""start_rains_doy"":1,""start_rains_date"":""1990-01-01""},{""year"":1991,""n_rain"":96,""station"":""CHIPATA MET"",""annual_rain"":850.4,""end_rains_doy"":366,""season_length"":362,""end_rains_date"":""1991-12-31"",""end_season_doy"":121,""end_season_date"":""1991-04-30"",""n_seasonal_rain"":94,""start_rains_doy"":3,""start_rains_date"":""1991-01-03""},{""year"":1992,""n_rain"":66,""station"":""CHIPATA MET"",""annual_rain"":777.8,""end_rains_doy"":362,""season_length"":360,""end_rains_date"":""1992-12-27"",""end_season_doy"":121,""end_season_date"":""1992-04-30"",""n_seasonal_rain"":63,""start_rains_doy"":2,""start_rains_date"":""1992-01-02""},{""year"":1993,""n_rain"":86,""station"":""CHIPATA MET"",""annual_rain"":807.9,""end_rains_doy"":358,""season_length"":345,""end_rains_date"":""1993-12-23"",""end_season_doy"":121,""end_season_date"":""1993-04-30"",""n_seasonal_rain"":76,""start_rains_doy"":12,""start_rains_date"":""1993-01-12""},{""year"":1994,""n_rain"":55,""station"":""CHIPATA MET"",""annual_rain"":667.6,""end_rains_doy"":364,""season_length"":358,""end_rains_date"":""1994-12-29"",""end_season_doy"":121,""end_season_date"":""1994-04-30"",""n_seasonal_rain"":49,""start_rains_doy"":5,""start_rains_date"":""1994-01-05""},{""year"":1995,""n_rain"":70,""station"":""CHIPATA MET"",""annual_rain"":910.7,""end_rains_doy"":365,""season_length"":361,""end_rains_date"":""1995-12-30"",""end_season_doy"":121,""end_season_date"":""1995-04-30"",""n_seasonal_rain"":67,""start_rains_doy"":3,""start_rains_date"":""1995-01-03""},{""year"":1996,""n_rain"":84,""station"":""CHIPATA MET"",""annual_rain"":1068.8,""end_rains_doy"":365,""season_length"":364,""end_rains_date"":""1996-12-30"",""end_season_doy"":121,""end_season_date"":""1996-04-30"",""n_seasonal_rain"":84,""start_rains_doy"":1,""start_rains_date"":""1996-01-01""},{""year"":1997,""n_rain"":83,""station"":""CHIPATA MET"",""annual_rain"":1141.8,""end_rains_doy"":359,""season_length"":357,""end_rains_date"":""1997-12-24"",""end_season_doy"":121,""end_season_date"":""1997-04-30"",""n_seasonal_rain"":81,""start_rains_doy"":1,""start_rains_date"":""1997-01-01""},{""year"":1998,""n_rain"":65,""station"":""CHIPATA MET"",""annual_rain"":709.6,""end_rains_doy"":349,""season_length"":333,""end_rains_date"":""1998-12-14"",""end_season_doy"":121,""end_season_date"":""1998-04-30"",""n_seasonal_rain"":49,""start_rains_doy"":15,""start_rains_date"":""1998-01-15""},{""year"":1999,""n_rain"":76,""station"":""CHIPATA MET"",""annual_rain"":1054.3,""end_rains_doy"":364,""season_length"":360,""end_rains_date"":""1999-12-29"",""end_season_doy"":121,""end_season_date"":""1999-04-30"",""n_seasonal_rain"":75,""start_rains_doy"":3,""start_rains_date"":""1999-01-03""},{""year"":2000,""n_rain"":90,""station"":""CHIPATA MET"",""annual_rain"":1031.3,""end_rains_doy"":365,""season_length"":355,""end_rains_date"":""2000-12-30"",""end_season_doy"":121,""end_season_date"":""2000-04-30"",""n_seasonal_rain"":84,""start_rains_doy"":10,""start_rains_date"":""2000-01-10""},{""year"":2001,""n_rain"":84,""station"":""CHIPATA MET"",""annual_rain"":1056.2,""end_rains_doy"":361,""season_length"":359,""end_rains_date"":""2001-12-26"",""end_season_doy"":121,""end_season_date"":""2001-04-30"",""n_seasonal_rain"":79,""start_rains_doy"":1,""start_rains_date"":""2001-01-01""},{""year"":2002,""n_rain"":75,""station"":""CHIPATA MET"",""annual_rain"":1029.9,""end_rains_doy"":364,""season_length"":356,""end_rains_date"":""2002-12-29"",""end_season_doy"":121,""end_season_date"":""2002-04-30"",""n_seasonal_rain"":70,""start_rains_doy"":7,""start_rains_date"":""2002-01-07""},{""year"":2003,""n_rain"":76,""station"":""CHIPATA MET"",""annual_rain"":1218.2,""end_rains_doy"":366,""season_length"":362,""end_rains_date"":""2003-12-31"",""end_season_doy"":121,""end_season_date"":""2003-04-30"",""n_seasonal_rain"":75,""start_rains_doy"":3,""start_rains_date"":""2003-01-03""},{""year"":2004,""n_rain"":72,""station"":""CHIPATA MET"",""annual_rain"":1266.6,""end_rains_doy"":365,""season_length"":332,""end_rains_date"":""2004-12-30"",""end_season_doy"":121,""end_season_date"":""2004-04-30"",""n_seasonal_rain"":70,""start_rains_doy"":33,""start_rains_date"":""2004-02-02""},{""year"":2005,""n_rain"":55,""station"":""CHIPATA MET"",""annual_rain"":915.4,""end_rains_doy"":366,""season_length"":364,""end_rains_date"":""2005-12-31"",""end_season_doy"":121,""end_season_date"":""2005-04-30"",""n_seasonal_rain"":55,""start_rains_doy"":1,""start_rains_date"":""2005-01-01""},{""year"":2006,""n_rain"":null,""station"":""CHIPATA MET"",""annual_rain"":1608.2,""end_rains_doy"":364,""season_length"":361,""end_rains_date"":""2006-12-29"",""end_season_doy"":121,""end_season_date"":""2006-04-30"",""n_seasonal_rain"":null,""start_rains_doy"":2,""start_rains_date"":""2006-01-02""},{""year"":2007,""n_rain"":86,""station"":""CHIPATA MET"",""annual_rain"":1972.9,""end_rains_doy"":366,""season_length"":364,""end_rains_date"":""2007-12-31"",""end_season_doy"":121,""end_season_date"":""2007-04-30"",""n_seasonal_rain"":86,""start_rains_doy"":1,""start_rains_date"":""2007-01-01""},{""year"":2008,""n_rain"":78,""station"":""CHIPATA MET"",""annual_rain"":1913.1,""end_rains_doy"":364,""season_length"":363,""end_rains_date"":""2008-12-29"",""end_season_doy"":121,""end_season_date"":""2008-04-30"",""n_seasonal_rain"":78,""start_rains_doy"":1,""start_rains_date"":""2008-01-01""},{""year"":2009,""n_rain"":71,""station"":""CHIPATA MET"",""annual_rain"":1567.3,""end_rains_doy"":366,""season_length"":333,""end_rains_date"":""2009-12-31"",""end_season_doy"":121,""end_season_date"":""2009-04-30"",""n_seasonal_rain"":64,""start_rains_doy"":32,""start_rains_date"":""2009-02-01""},{""year"":2010,""n_rain"":70,""station"":""CHIPATA MET"",""annual_rain"":1799.4,""end_rains_doy"":363,""season_length"":345,""end_rains_date"":""2010-12-28"",""end_season_doy"":121,""end_season_date"":""2010-04-30"",""n_seasonal_rain"":64,""start_rains_doy"":17,""start_rains_date"":""2010-01-17""},{""year"":2011,""n_rain"":null,""station"":""CHIPATA MET"",""annual_rain"":1011.8,""end_rains_doy"":365,""season_length"":358,""end_rains_date"":""2011-12-30"",""end_season_doy"":121,""end_season_date"":""2011-04-30"",""n_seasonal_rain"":null,""start_rains_doy"":6,""start_rains_date"":""2011-01-06""},{""year"":2012,""n_rain"":79,""station"":""CHIPATA MET"",""annual_rain"":1733,""end_rains_doy"":363,""season_length"":362,""end_rains_date"":""2012-12-28"",""end_season_doy"":121,""end_season_date"":""2012-04-30"",""n_seasonal_rain"":77,""start_rains_doy"":1,""start_rains_date"":""2012-01-01""},{""year"":2013,""n_rain"":62,""station"":""CHIPATA MET"",""annual_rain"":704.2,""end_rains_doy"":363,""season_length"":354,""end_rains_date"":""2013-12-28"",""end_season_doy"":121,""end_season_date"":""2013-04-30"",""n_seasonal_rain"":56,""start_rains_doy"":8,""start_rains_date"":""2013-01-08""},{""year"":2014,""n_rain"":58,""station"":""CHIPATA MET"",""annual_rain"":1415.8,""end_rains_doy"":361,""season_length"":358,""end_rains_date"":""2014-12-26"",""end_season_doy"":121,""end_season_date"":""2014-04-30"",""n_seasonal_rain"":55,""start_rains_doy"":2,""start_rains_date"":""2014-01-02""},{""year"":2015,""n_rain"":68,""station"":""CHIPATA MET"",""annual_rain"":1091.2,""end_rains_doy"":360,""season_length"":355,""end_rains_date"":""2015-12-25"",""end_season_doy"":121,""end_season_date"":""2015-04-30"",""n_seasonal_rain"":65,""start_rains_doy"":4,""start_rains_date"":""2015-01-04""},{""year"":2016,""n_rain"":71,""station"":""CHIPATA MET"",""annual_rain"":918.7,""end_rains_doy"":364,""season_length"":353,""end_rains_date"":""2016-12-29"",""end_season_doy"":121,""end_season_date"":""2016-04-30"",""n_seasonal_rain"":69,""start_rains_doy"":11,""start_rains_date"":""2016-01-11""},{""year"":2017,""n_rain"":null,""station"":""CHIPATA MET"",""annual_rain"":1200,""end_rains_doy"":363,""season_length"":354,""end_rains_date"":""2017-12-28"",""end_season_doy"":121,""end_season_date"":""2017-04-30"",""n_seasonal_rain"":null,""start_rains_doy"":8,""start_rains_date"":""2017-01-08""},{""year"":2018,""n_rain"":78,""station"":""CHIPATA MET"",""annual_rain"":1167.4,""end_rains_doy"":364,""season_length"":346,""end_rains_date"":""2018-12-29"",""end_season_doy"":121,""end_season_date"":""2018-04-30"",""n_seasonal_rain"":73,""start_rains_doy"":17,""start_rains_date"":""2018-01-17""},{""year"":2019,""n_rain"":75,""station"":""CHIPATA MET"",""annual_rain"":1165.3,""end_rains_doy"":366,""season_length"":361,""end_rains_date"":""2019-12-31"",""end_season_doy"":121,""end_season_date"":""2019-04-30"",""n_seasonal_rain"":73,""start_rains_doy"":4,""start_rains_date"":""2019-01-04""},{""year"":2020,""n_rain"":70,""station"":""CHIPATA MET"",""annual_rain"":1112.3,""end_rains_doy"":365,""season_length"":364,""end_rains_date"":""2020-12-30"",""end_season_doy"":121,""end_season_date"":""2020-04-30"",""n_seasonal_rain"":69,""start_rains_doy"":1,""start_rains_date"":""2020-01-01""},{""year"":2021,""n_rain"":78,""station"":""CHIPATA MET"",""annual_rain"":1036.5,""end_rains_doy"":365,""season_length"":363,""end_rains_date"":""2021-12-30"",""end_season_doy"":121,""end_season_date"":""2021-04-30"",""n_seasonal_rain"":77,""start_rains_doy"":1,""start_rains_date"":""2021-01-01""},{""year"":2022,""n_rain"":null,""station"":""CHIPATA MET"",""annual_rain"":776.9,""end_rains_doy"":null,""season_length"":null,""end_rains_date"":{},""end_season_doy"":121,""end_season_date"":""2022-04-30"",""n_seasonal_rain"":null,""start_rains_doy"":15,""start_rains_date"":""2022-01-15""}],""metadata"":{""end_rains"":{""end_day"":366,""start_day"":121,""min_rainfall"":10,""interval_length"":1},""end_season"":{""end_day"":366,""capacity"":100,""start_day"":121,""evaporation"":""value"",""evaporation_value"":5,""water_balance_max"":60},""annual_rain"":{""na_n"":20,""na_rm"":true,""n_rain"":true,""na_prop"":0.85,""na_n_non"":null,""na_consec"":null,""annual_rain"":true},""start_rains"":{""end_day"":366,""max_rain"":null,""dry_spell"":true,""over_days"":3,""start_day"":1,""threshold"":1,""dry_period"":false,""proportion"":false,""amount_rain"":25,""min_rain_days"":null,""prob_rain_day"":null,""spell_interval"":21,""total_rainfall"":true,""period_interval"":null,""number_rain_days"":false,""rain_day_interval"":null,""spell_max_dry_days"":10,""period_max_dry_days"":null},""seasonal_rain"":{""na_n"":20,""na_rm"":true,""n_rain"":true,""na_prop"":0.85,""end_type"":""rains"",""na_n_non"":null,""rain_day"":0.5,""na_consec"":null,""total_rain"":true},""seasonal_length"":{""end_type"":""rains""}}}"
2024-01-17 03:30:10.904544+00,zm_test/16,rainfallSummary,"{""data"":[{""year"":1956,""n_rain"":100,""end_rains"":365,""end_season"":121,""annual_rain"":1123.1,""start_rains"":"""",""station_name"":""LUNDAZI MET"",""season_length"":"""",""seasonal_rain"":"""",""n_seasonal_rain"":""""},{""year"":1957,""n_rain"":79,""end_rains"":358,""end_season"":121,""annual_rain"":806.4,""start_rains"":4,""station_name"":""LUNDAZI MET"",""season_length"":117,""seasonal_rain"":644.9,""n_seasonal_rain"":59},{""year"":1958,""n_rain"":70,""end_rains"":359,""end_season"":121,""annual_rain"":761.1,""start_rains"":3,""station_name"":""LUNDAZI MET"",""season_length"":118,""seasonal_rain"":362.3,""n_seasonal_rain"":42},{""year"":1959,""n_rain"":72,""end_rains"":366,""end_season"":121,""annual_rain"":1006.7,""start_rains"":7,""station_name"":""LUNDAZI MET"",""season_length"":114,""seasonal_rain"":582.8,""n_seasonal_rain"":43},{""year"":1960,""n_rain"":61,""end_rains"":361,""end_season"":121,""annual_rain"":685.9,""start_rains"":1,""station_name"":""LUNDAZI MET"",""season_length"":120,""seasonal_rain"":532.6,""n_seasonal_rain"":41},{""year"":1961,""n_rain"":89,""end_rains"":363,""end_season"":121,""annual_rain"":989.6,""start_rains"":1,""station_name"":""LUNDAZI MET"",""season_length"":120,""seasonal_rain"":631.9,""n_seasonal_rain"":57},{""year"":1962,""n_rain"":98,""end_rains"":357,""end_season"":121,""annual_rain"":1193.3999999999999,""start_rains"":2,""station_name"":""LUNDAZI MET"",""season_length"":119,""seasonal_rain"":830.8,""n_seasonal_rain"":65},{""year"":1963,""n_rain"":97,""end_rains"":365,""end_season"":121,""annual_rain"":1139.3,""start_rains"":1,""station_name"":""LUNDAZI MET"",""season_length"":120,""seasonal_rain"":739.3,""n_seasonal_rain"":63},{""year"":1964,""n_rain"":63,""end_rains"":365,""end_season"":121,""annual_rain"":865,""start_rains"":6,""station_name"":""LUNDAZI MET"",""season_length"":115,""seasonal_rain"":615.8,""n_seasonal_rain"":42},{""year"":1965,""n_rain"":79,""end_rains"":366,""end_season"":121,""annual_rain"":888.8,""start_rains"":1,""station_name"":""LUNDAZI MET"",""season_length"":120,""seasonal_rain"":611.1,""n_seasonal_rain"":57},{""year"":1966,""n_rain"":66,""end_rains"":364,""end_season"":121,""annual_rain"":749.6,""start_rains"":2,""station_name"":""LUNDAZI MET"",""season_length"":119,""seasonal_rain"":496.9,""n_seasonal_rain"":39},{""year"":1967,""n_rain"":72,""end_rains"":364,""end_season"":121,""annual_rain"":811.9,""start_rains"":21,""station_name"":""LUNDAZI MET"",""season_length"":100,""seasonal_rain"":521,""n_seasonal_rain"":39},{""year"":1968,""n_rain"":76,""end_rains"":366,""end_season"":121,""annual_rain"":940.8,""start_rains"":14,""station_name"":""LUNDAZI MET"",""season_length"":107,""seasonal_rain"":552.4,""n_seasonal_rain"":40},{""year"":1969,""n_rain"":66,""end_rains"":363,""end_season"":121,""annual_rain"":657.1,""start_rains"":5,""station_name"":""LUNDAZI MET"",""season_length"":116,""seasonal_rain"":514.5,""n_seasonal_rain"":49},{""year"":1970,""n_rain"":"""",""end_rains"":"""",""end_season"":121,""annual_rain"":"""",""start_rains"":3,""station_name"":""LUNDAZI MET"",""season_length"":118,""seasonal_rain"":376.3,""n_seasonal_rain"":36},{""year"":1971,""n_rain"":"""",""end_rains"":363,""end_season"":"""",""annual_rain"":"""",""start_rains"":"""",""station_name"":""LUNDAZI MET"",""season_length"":"""",""seasonal_rain"":"""",""n_seasonal_rain"":""""},{""year"":1972,""n_rain"":77,""end_rains"":366,""end_season"":121,""annual_rain"":699.4,""start_rains"":7,""station_name"":""LUNDAZI MET"",""season_length"":114,""seasonal_rain"":427.59999999999997,""n_seasonal_rain"":48},{""year"":1973,""n_rain"":63,""end_rains"":357,""end_season"":121,""annual_rain"":544.6,""start_rains"":11,""station_name"":""LUNDAZI MET"",""season_length"":110,""seasonal_rain"":426.2,""n_seasonal_rain"":42},{""year"":1974,""n_rain"":86,""end_rains"":352,""end_season"":121,""annual_rain"":860.8,""start_rains"":5,""station_name"":""LUNDAZI MET"",""season_length"":116,""seasonal_rain"":614.3,""n_seasonal_rain"":55},{""year"":1975,""n_rain"":68,""end_rains"":362,""end_season"":121,""annual_rain"":755.1,""start_rains"":17,""station_name"":""LUNDAZI MET"",""season_length"":104,""seasonal_rain"":451.7,""n_seasonal_rain"":41},{""year"":1976,""n_rain"":79,""end_rains"":357,""end_season"":121,""annual_rain"":825.4,""start_rains"":5,""station_name"":""LUNDAZI MET"",""season_length"":116,""seasonal_rain"":612.8,""n_seasonal_rain"":56},{""year"":1977,""n_rain"":68,""end_rains"":363,""end_season"":121,""annual_rain"":700.1,""start_rains"":7,""station_name"":""LUNDAZI MET"",""season_length"":114,""seasonal_rain"":368.8,""n_seasonal_rain"":37},{""year"":1978,""n_rain"":90,""end_rains"":364,""end_season"":121,""annual_rain"":1060.5,""start_rains"":6,""station_name"":""LUNDAZI MET"",""season_length"":115,""seasonal_rain"":848.2,""n_seasonal_rain"":58},{""year"":1979,""n_rain"":73,""end_rains"":364,""end_season"":121,""annual_rain"":798.6,""start_rains"":33,""station_name"":""LUNDAZI MET"",""season_length"":88,""seasonal_rain"":464.9,""n_seasonal_rain"":37},{""year"":1980,""n_rain"":81,""end_rains"":365,""end_season"":121,""annual_rain"":1356.8,""start_rains"":6,""station_name"":""LUNDAZI MET"",""season_length"":115,""seasonal_rain"":1024.5,""n_seasonal_rain"":55},{""year"":1981,""n_rain"":66,""end_rains"":365,""end_season"":121,""annual_rain"":573.9,""start_rains"":1,""station_name"":""LUNDAZI MET"",""season_length"":120,""seasonal_rain"":392.1,""n_seasonal_rain"":46},{""year"":1982,""n_rain"":76,""end_rains"":366,""end_season"":121,""annual_rain"":868.4,""start_rains"":1,""station_name"":""LUNDAZI MET"",""season_length"":120,""seasonal_rain"":576.5,""n_seasonal_rain"":48},{""year"":1983,""n_rain"":61,""end_rains"":363,""end_season"":121,""annual_rain"":739.5,""start_rains"":2,""station_name"":""LUNDAZI MET"",""season_length"":119,""seasonal_rain"":553.2,""n_seasonal_rain"":43},{""year"":1984,""n_rain"":80,""end_rains"":364,""end_season"":121,""annual_rain"":895.7,""start_rains"":2,""station_name"":""LUNDAZI MET"",""season_length"":119,""seasonal_rain"":560.8,""n_seasonal_rain"":52},{""year"":1985,""n_rain"":86,""end_rains"":363,""end_season"":121,""annual_rain"":1134.9,""start_rains"":6,""station_name"":""LUNDAZI MET"",""season_length"":115,""seasonal_rain"":583.9,""n_seasonal_rain"":50},{""year"":1986,""n_rain"":93,""end_rains"":365,""end_season"":121,""annual_rain"":1280.1,""start_rains"":3,""station_name"":""LUNDAZI MET"",""season_length"":118,""seasonal_rain"":820.4,""n_seasonal_rain"":61},{""year"":1987,""n_rain"":62,""end_rains"":364,""end_season"":121,""annual_rain"":856.5,""start_rains"":1,""station_name"":""LUNDAZI MET"",""season_length"":120,""seasonal_rain"":699.4,""n_seasonal_rain"":48},{""year"":1988,""n_rain"":76,""end_rains"":366,""end_season"":121,""annual_rain"":1058.9,""start_rains"":11,""station_name"":""LUNDAZI MET"",""season_length"":110,""seasonal_rain"":857.6999999999999,""n_seasonal_rain"":55},{""year"":1989,""n_rain"":97,""end_rains"":365,""end_season"":121,""annual_rain"":1286.5,""start_rains"":2,""station_name"":""LUNDAZI MET"",""season_length"":119,""seasonal_rain"":912.6,""n_seasonal_rain"":68},{""year"":1990,""n_rain"":"""",""end_rains"":365,""end_season"":121,""annual_rain"":"""",""start_rains"":1,""station_name"":""LUNDAZI MET"",""season_length"":120,""seasonal_rain"":"""",""n_seasonal_rain"":""""},{""year"":1991,""n_rain"":79,""end_rains"":363,""end_season"":121,""annual_rain"":854,""start_rains"":5,""station_name"":""LUNDAZI MET"",""season_length"":116,""seasonal_rain"":522.2,""n_seasonal_rain"":48},{""year"":1992,""n_rain"":57,""end_rains"":348,""end_season"":121,""annual_rain"":710.1,""start_rains"":2,""station_name"":""LUNDAZI MET"",""season_length"":119,""seasonal_rain"":521.3,""n_seasonal_rain"":35},{""year"":1993,""n_rain"":69,""end_rains"":361,""end_season"":121,""annual_rain"":966.3,""start_rains"":4,""station_name"":""LUNDAZI MET"",""season_length"":117,""seasonal_rain"":775.9,""n_seasonal_rain"":53},{""year"":1994,""n_rain"":69,""end_rains"":361,""end_season"":121,""annual_rain"":820.8,""start_rains"":4,""station_name"":""LUNDAZI MET"",""season_length"":117,""seasonal_rain"":596.6,""n_seasonal_rain"":46},{""year"":1995,""n_rain"":68,""end_rains"":366,""end_season"":121,""annual_rain"":740.3,""start_rains"":3,""station_name"":""LUNDAZI MET"",""season_length"":118,""seasonal_rain"":586.5,""n_seasonal_rain"":50},{""year"":1996,""n_rain"":76,""end_rains"":354,""end_season"":121,""annual_rain"":884.9,""start_rains"":1,""station_name"":""LUNDAZI MET"",""season_length"":120,""seasonal_rain"":728.6,""n_seasonal_rain"":56},{""year"":1997,""n_rain"":86,""end_rains"":355,""end_season"":121,""annual_rain"":867.9,""start_rains"":15,""station_name"":""LUNDAZI MET"",""season_length"":106,""seasonal_rain"":555.4,""n_seasonal_rain"":54},{""year"":1998,""n_rain"":72,""end_rains"":357,""end_season"":121,""annual_rain"":657.4,""start_rains"":14,""station_name"":""LUNDAZI MET"",""season_length"":107,""seasonal_rain"":499.9,""n_seasonal_rain"":43},{""year"":1999,""n_rain"":77,""end_rains"":365,""end_season"":121,""annual_rain"":760.7,""start_rains"":12,""station_name"":""LUNDAZI MET"",""season_length"":109,""seasonal_rain"":519.6,""n_seasonal_rain"":56},{""year"":2000,""n_rain"":79,""end_rains"":360,""end_season"":121,""annual_rain"":751.7,""start_rains"":4,""station_name"":""LUNDAZI MET"",""season_length"":117,""seasonal_rain"":443.6,""n_seasonal_rain"":48},{""year"":2001,""n_rain"":83,""end_rains"":366,""end_season"":121,""annual_rain"":770.1,""start_rains"":6,""station_name"":""LUNDAZI MET"",""season_length"":115,""seasonal_rain"":608.2,""n_seasonal_rain"":63},{""year"":2002,""n_rain"":76,""end_rains"":365,""end_season"":121,""annual_rain"":784.9,""start_rains"":2,""station_name"":""LUNDAZI MET"",""season_length"":119,""seasonal_rain"":562.8,""n_seasonal_rain"":52},{""year"":2003,""n_rain"":75,""end_rains"":358,""end_season"":121,""annual_rain"":939.5,""start_rains"":1,""station_name"":""LUNDAZI MET"",""season_length"":120,""seasonal_rain"":773.9,""n_seasonal_rain"":56},{""year"":2004,""n_rain"":"""",""end_rains"":"""",""end_season"":"""",""annual_rain"":"""",""start_rains"":"""",""station_name"":""LUNDAZI MET"",""season_length"":"""",""seasonal_rain"":"""",""n_seasonal_rain"":""""},{""year"":2005,""n_rain"":"""",""end_rains"":"""",""end_season"":"""",""annual_rain"":"""",""start_rains"":"""",""station_name"":""LUNDAZI MET"",""season_length"":"""",""seasonal_rain"":"""",""n_seasonal_rain"":""""},{""year"":2006,""n_rain"":"""",""end_rains"":"""",""end_season"":121,""annual_rain"":"""",""start_rains"":"""",""station_name"":""LUNDAZI MET"",""season_length"":"""",""seasonal_rain"":"""",""n_seasonal_rain"":""""},{""year"":2007,""n_rain"":"""",""end_rains"":366,""end_season"":"""",""annual_rain"":"""",""start_rains"":"""",""station_name"":""LUNDAZI MET"",""season_length"":"""",""seasonal_rain"":"""",""n_seasonal_rain"":""""},{""year"":2008,""n_rain"":67,""end_rains"":357,""end_season"":121,""annual_rain"":663.6,""start_rains"":2,""station_name"":""LUNDAZI MET"",""season_length"":119,""seasonal_rain"":510.3,""n_seasonal_rain"":45},{""year"":2009,""n_rain"":"""",""end_rains"":"""",""end_season"":121,""annual_rain"":"""",""start_rains"":7,""station_name"":""LUNDAZI MET"",""season_length"":114,""seasonal_rain"":461.9,""n_seasonal_rain"":46},{""year"":2010,""n_rain"":"""",""end_rains"":364,""end_season"":"""",""annual_rain"":"""",""start_rains"":"""",""station_name"":""LUNDAZI MET"",""season_length"":"""",""seasonal_rain"":"""",""n_seasonal_rain"":""""},{""year"":2011,""n_rain"":69,""end_rains"":360,""end_season"":121,""annual_rain"":645,""start_rains"":7,""station_name"":""LUNDAZI MET"",""season_length"":114,""seasonal_rain"":500.8,""n_seasonal_rain"":47},{""year"":2012,""n_rain"":65,""end_rains"":357,""end_season"":121,""annual_rain"":826.8,""start_rains"":2,""station_name"":""LUNDAZI MET"",""season_length"":119,""seasonal_rain"":692.2,""n_seasonal_rain"":49},{""year"":2013,""n_rain"":65,""end_rains"":353,""end_season"":121,""annual_rain"":643.5,""start_rains"":7,""station_name"":""LUNDAZI MET"",""season_length"":114,""seasonal_rain"":394.09999999999997,""n_seasonal_rain"":36},{""year"":2014,""n_rain"":"""",""end_rains"":"""",""end_season"":121,""annual_rain"":"""",""start_rains"":17,""station_name"":""LUNDAZI MET"",""season_length"":104,""seasonal_rain"":450.2,""n_seasonal_rain"":36},{""year"":2015,""n_rain"":"""",""end_rains"":"""",""end_season"":121,""annual_rain"":"""",""start_rains"":"""",""station_name"":""LUNDAZI MET"",""season_length"":"""",""seasonal_rain"":"""",""n_seasonal_rain"":""""},{""year"":2016,""n_rain"":48,""end_rains"":352,""end_season"":121,""annual_rain"":403.6,""start_rains"":"""",""station_name"":""LUNDAZI MET"",""season_length"":"""",""seasonal_rain"":"""",""n_seasonal_rain"":""""},{""year"":2017,""n_rain"":"""",""end_rains"":365,""end_season"":121,""annual_rain"":"""",""start_rains"":10,""station_name"":""LUNDAZI MET"",""season_length"":111,""seasonal_rain"":529.9,""n_seasonal_rain"":35},{""year"":2018,""n_rain"":"""",""end_rains"":"""",""end_season"":121,""annual_rain"":"""",""start_rains"":10,""station_name"":""LUNDAZI MET"",""season_length"":111,""seasonal_rain"":541,""n_seasonal_rain"":46},{""year"":2019,""n_rain"":"""",""end_rains"":364,""end_season"":121,""annual_rain"":"""",""start_rains"":"""",""station_name"":""LUNDAZI MET"",""season_length"":"""",""seasonal_rain"":"""",""n_seasonal_rain"":""""},{""year"":2020,""n_rain"":"""",""end_rains"":363,""end_season"":121,""annual_rain"":"""",""start_rains"":"""",""station_name"":""LUNDAZI MET"",""season_length"":"""",""seasonal_rain"":"""",""n_seasonal_rain"":""""},{""year"":2021,""n_rain"":64,""end_rains"":353,""end_season"":121,""annual_rain"":741.7,""start_rains"":2,""station_name"":""LUNDAZI MET"",""season_length"":119,""seasonal_rain"":627.2,""n_seasonal_rain"":56},{""year"":2022,""n_rain"":"""",""end_rains"":"""",""end_season"":121,""annual_rain"":"""",""start_rains"":4,""station_name"":""LUNDAZI MET"",""season_length"":117,""seasonal_rain"":624.6,""n_seasonal_rain"":55}],""metadata"":{""end_rains"":{""end_day"":[366],""start_day"":[121],""min_rainfall"":[10],""interval_length"":[1]},""end_season"":{""end_day"":[366],""capacity"":[100],""start_day"":[121],""evaporation"":[""value""],""evaporation_value"":[5],""water_balance_max"":[60]},""annual_rain"":{""na_rm"":[""FALSE""],""n_rain"":[""TRUE""],""annual_rain"":[""TRUE""]},""start_rains"":{""end_day"":[366],""dry_spell"":[""TRUE""],""over_days"":[3],""start_day"":[1],""threshold"":[1],""dry_period"":[""FALSE""],""proportion"":[""FALSE""],""amount_rain"":[25],""_last_updated"":[""2022-11-25""],""spell_interval"":[21],""total_rainfall"":[""TRUE""],""number_rain_days"":[""FALSE""],""spell_max_dry_days"":[10]},""seasonal_rain"":{""na_rm"":[""FALSE""],""n_rain"":[""TRUE""],""rain_day"":[0.85],""total_rain"":[0],""seasonal_rain"":[""TRUE""]}}}"
2024-01-17 21:19:07.179533+00,zm_test/23,rainfallSummary,"{
  ""data"": [
    {
      ""year"": 1979,
      ""n_rain"": 28,
      ""end_rains"": 356,
      ""end_season"": 183,
      ""annual_rain"": 245,
      ""start_rains"": """",
      ""station_name"": ""MFUWE MET"",
      ""season_length"": """",
      ""seasonal_rain"": """",
      ""n_seasonal_rain"": """"
    },
    {
      ""year"": 1980,
      ""n_rain"": 78,
      ""end_rains"": 365,
      ""end_season"": 121,
      ""annual_rain"": 1079.1,
      ""start_rains"": 3,
      ""station_name"": ""MFUWE MET"",
      ""season_length"": 118,
      ""seasonal_rain"": 628,
      ""n_seasonal_rain"": 47
    },
    {
      ""year"": 1981,
      ""n_rain"": 57,
      ""end_rains"": 335,
      ""end_season"": 121,
      ""annual_rain"": 636.2,
      ""start_rains"": 25,
      ""station_name"": ""MFUWE MET"",
      ""season_length"": 96,
      ""seasonal_rain"": 485.5,
      ""n_seasonal_rain"": 35
    },
    {
      ""year"": 1982,
      ""n_rain"": 74,
      ""end_rains"": 354,
      ""end_season"": 121,
      ""annual_rain"": 829.2,
      ""start_rains"": 11,
      ""station_name"": ""MFUWE MET"",
      ""season_length"": 110,
      ""seasonal_rain"": 552.5,
      ""n_seasonal_rain"": 39
    },
    {
      ""year"": 1983,
      ""n_rain"": 62,
      ""end_rains"": 361,
      ""end_season"": 121,
      ""annual_rain"": 744.1,
      ""start_rains"": 6,
      ""station_name"": ""MFUWE MET"",
      ""season_length"": 115,
      ""seasonal_rain"": 556.5,
      ""n_seasonal_rain"": 38
    },
    {
      ""year"": 1984,
      ""n_rain"": 64,
      ""end_rains"": 366,
      ""end_season"": 121,
      ""annual_rain"": 685.6,
      ""start_rains"": 36,
      ""station_name"": ""MFUWE MET"",
      ""season_length"": 85,
      ""seasonal_rain"": 245.7,
      ""n_seasonal_rain"": 21
    },
    {
      ""year"": 1985,
      ""n_rain"": 81,
      ""end_rains"": 357,
      ""end_season"": 121,
      ""annual_rain"": 995.8,
      ""start_rains"": 1,
      ""station_name"": ""MFUWE MET"",
      ""season_length"": 120,
      ""seasonal_rain"": 686,
      ""n_seasonal_rain"": 51
    },
    {
      ""year"": 1986,
      ""n_rain"": 77,
      ""end_rains"": 364,
      ""end_season"": 121,
      ""annual_rain"": 1033.8,
      ""start_rains"": 2,
      ""station_name"": ""MFUWE MET"",
      ""season_length"": 119,
      ""seasonal_rain"": 660.3,
      ""n_seasonal_rain"": 48
    },
    {
      ""year"": 1987,
      ""n_rain"": 54,
      ""end_rains"": 363,
      ""end_season"": 121,
      ""annual_rain"": 442.9,
      ""start_rains"": 18,
      ""station_name"": ""MFUWE MET"",
      ""season_length"": 103,
      ""seasonal_rain"": 256.8,
      ""n_seasonal_rain"": 30
    },
    {
      ""year"": 1988,
      ""n_rain"": 79,
      ""end_rains"": 366,
      ""end_season"": 121,
      ""annual_rain"": 966.1,
      ""start_rains"": 25,
      ""station_name"": ""MFUWE MET"",
      ""season_length"": 96,
      ""seasonal_rain"": 654.7,
      ""n_seasonal_rain"": 41
    },
    {
      ""year"": 1989,
      ""n_rain"": 79,
      ""end_rains"": 365,
      ""end_season"": 121,
      ""annual_rain"": 1070.9,
      ""start_rains"": 1,
      ""station_name"": ""MFUWE MET"",
      ""season_length"": 120,
      ""seasonal_rain"": 673.2,
      ""n_seasonal_rain"": 55
    },
    {
      ""year"": 1990,
      ""n_rain"": 35,
      ""end_rains"": 364,
      ""end_season"": 121,
      ""annual_rain"": 558.2,
      ""start_rains"": 1,
      ""station_name"": ""MFUWE MET"",
      ""season_length"": 120,
      ""seasonal_rain"": 413.6,
      ""n_seasonal_rain"": 18
    },
    {
      ""year"": 1991,
      ""n_rain"": 71,
      ""end_rains"": 365,
      ""end_season"": 121,
      ""annual_rain"": 818.6,
      ""start_rains"": 4,
      ""station_name"": ""MFUWE MET"",
      ""season_length"": 117,
      ""seasonal_rain"": 497.8,
      ""n_seasonal_rain"": 41
    },
    {
      ""year"": 1992,
      ""n_rain"": 55,
      ""end_rains"": 362,
      ""end_season"": 121,
      ""annual_rain"": 687.5,
      ""start_rains"": 1,
      ""station_name"": ""MFUWE MET"",
      ""season_length"": 120,
      ""seasonal_rain"": 473.2,
      ""n_seasonal_rain"": 34
    },
    {
      ""year"": 1993,
      ""n_rain"": 82,
      ""end_rains"": 362,
      ""end_season"": 121,
      ""annual_rain"": 900.9,
      ""start_rains"": 6,
      ""station_name"": ""MFUWE MET"",
      ""season_length"": 115,
      ""seasonal_rain"": 676.7,
      ""n_seasonal_rain"": 58
    },
    {
      ""year"": 1994,
      ""n_rain"": 49,
      ""end_rains"": 365,
      ""end_season"": 121,
      ""annual_rain"": 677.3,
      ""start_rains"": 5,
      ""station_name"": ""MFUWE MET"",
      ""season_length"": 116,
      ""seasonal_rain"": 453.8,
      ""n_seasonal_rain"": 30
    },
    {
      ""year"": 1995,
      ""n_rain"": 58,
      ""end_rains"": 360,
      ""end_season"": 121,
      ""annual_rain"": 576.4,
      ""start_rains"": 1,
      ""station_name"": ""MFUWE MET"",
      ""season_length"": 120,
      ""seasonal_rain"": 369.4,
      ""n_seasonal_rain"": 37
    },
    {
      ""year"": 1996,
      ""n_rain"": 60,
      ""end_rains"": 358,
      ""end_season"": 121,
      ""annual_rain"": 840.1,
      ""start_rains"": 4,
      ""station_name"": ""MFUWE MET"",
      ""season_length"": 117,
      ""seasonal_rain"": 561.9,
      ""n_seasonal_rain"": 35
    },
    {
      ""year"": 1997,
      ""n_rain"": 80,
      ""end_rains"": 366,
      ""end_season"": 121,
      ""annual_rain"": 1054.5,
      ""start_rains"": 4,
      ""station_name"": ""MFUWE MET"",
      ""season_length"": 117,
      ""seasonal_rain"": 608.1,
      ""n_seasonal_rain"": 49
    },
    {
      ""year"": 1998,
      ""n_rain"": 56,
      ""end_rains"": 348,
      ""end_season"": 121,
      ""annual_rain"": 708.7,
      ""start_rains"": 1,
      ""station_name"": ""MFUWE MET"",
      ""season_length"": 120,
      ""seasonal_rain"": 486.3,
      ""n_seasonal_rain"": 40
    },
    {
      ""year"": 1999,
      ""n_rain"": 60,
      ""end_rains"": 364,
      ""end_season"": 121,
      ""annual_rain"": 612.9,
      ""start_rains"": 4,
      ""station_name"": ""MFUWE MET"",
      ""season_length"": 117,
      ""seasonal_rain"": 450.7,
      ""n_seasonal_rain"": 41
    },
    {
      ""year"": 2000,
      ""n_rain"": 65,
      ""end_rains"": 335,
      ""end_season"": 121,
      ""annual_rain"": 733,
      ""start_rains"": 11,
      ""station_name"": ""MFUWE MET"",
      ""season_length"": 110,
      ""seasonal_rain"": 658.9,
      ""n_seasonal_rain"": 52
    },
    {
      ""year"": 2001,
      ""n_rain"": 78,
      ""end_rains"": 366,
      ""end_season"": 121,
      ""annual_rain"": 888.2,
      ""start_rains"": 6,
      ""station_name"": ""MFUWE MET"",
      ""season_length"": 115,
      ""seasonal_rain"": 618.3,
      ""n_seasonal_rain"": 48
    },
    {
      ""year"": 2002,
      ""n_rain"": 63,
      ""end_rains"": 364,
      ""end_season"": 121,
      ""annual_rain"": 881.8,
      ""start_rains"": 1,
      ""station_name"": ""MFUWE MET"",
      ""season_length"": 120,
      ""seasonal_rain"": 419.3,
      ""n_seasonal_rain"": 38
    },
    {
      ""year"": 2003,
      ""n_rain"": 75,
      ""end_rains"": 358,
      ""end_season"": 121,
      ""annual_rain"": 533.3,
      ""start_rains"": 12,
      ""station_name"": ""MFUWE MET"",
      ""season_length"": 109,
      ""seasonal_rain"": 338.9,
      ""n_seasonal_rain"": 44
    },
    {
      ""year"": 2004,
      ""n_rain"": 73,
      ""end_rains"": 366,
      ""end_season"": 121,
      ""annual_rain"": 1159.3,
      ""start_rains"": 6,
      ""station_name"": ""MFUWE MET"",
      ""season_length"": 115,
      ""seasonal_rain"": 699.3,
      ""n_seasonal_rain"": 43
    },
    {
      ""year"": 2005,
      ""n_rain"": 43,
      ""end_rains"": 362,
      ""end_season"": 121,
      ""annual_rain"": 520.2,
      ""start_rains"": 6,
      ""station_name"": ""MFUWE MET"",
      ""season_length"": 115,
      ""seasonal_rain"": 451.40000000000003,
      ""n_seasonal_rain"": 28
    },
    {
      ""year"": 2006,
      ""n_rain"": 66,
      ""end_rains"": 364,
      ""end_season"": 121,
      ""annual_rain"": 890.5,
      ""start_rains"": 8,
      ""station_name"": ""MFUWE MET"",
      ""season_length"": 113,
      ""seasonal_rain"": 605.2,
      ""n_seasonal_rain"": 40
    },
    {
      ""year"": 2007,
      ""n_rain"": 73,
      ""end_rains"": 366,
      ""end_season"": 121,
      ""annual_rain"": 1129.5,
      ""start_rains"": 1,
      ""station_name"": ""MFUWE MET"",
      ""season_length"": 120,
      ""seasonal_rain"": 779.4,
      ""n_seasonal_rain"": 46
    },
    {
      ""year"": 2008,
      ""n_rain"": 74,
      ""end_rains"": 355,
      ""end_season"": 121,
      ""annual_rain"": 944.9,
      ""start_rains"": 7,
      ""station_name"": ""MFUWE MET"",
      ""season_length"": 114,
      ""seasonal_rain"": 496.7,
      ""n_seasonal_rain"": 35
    },
    {
      ""year"": 2009,
      ""n_rain"": 70,
      ""end_rains"": 364,
      ""end_season"": 121,
      ""annual_rain"": 1091,
      ""start_rains"": 13,
      ""station_name"": ""MFUWE MET"",
      ""season_length"": 108,
      ""seasonal_rain"": 661.6,
      ""n_seasonal_rain"": 38
    },
    {
      ""year"": 2010,
      ""n_rain"": 80,
      ""end_rains"": 363,
      ""end_season"": 121,
      ""annual_rain"": 886.4,
      ""start_rains"": 8,
      ""station_name"": ""MFUWE MET"",
      ""season_length"": 113,
      ""seasonal_rain"": 606.8,
      ""n_seasonal_rain"": 52
    },
    {
      ""year"": 2011,
      ""n_rain"": 76,
      ""end_rains"": 365,
      ""end_season"": 121,
      ""annual_rain"": 817.3,
      ""start_rains"": 2,
      ""station_name"": ""MFUWE MET"",
      ""season_length"": 119,
      ""seasonal_rain"": 566.1,
      ""n_seasonal_rain"": 51
    },
    {
      ""year"": 2012,
      ""n_rain"": 73,
      ""end_rains"": 364,
      ""end_season"": 121,
      ""annual_rain"": 733.5,
      ""start_rains"": 1,
      ""station_name"": ""MFUWE MET"",
      ""season_length"": 120,
      ""seasonal_rain"": 509.7,
      ""n_seasonal_rain"": 50
    },
    {
      ""year"": 2013,
      ""n_rain"": """",
      ""end_rains"": 363,
      ""end_season"": 121,
      ""annual_rain"": """",
      ""start_rains"": 7,
      ""station_name"": ""MFUWE MET"",
      ""season_length"": 114,
      ""seasonal_rain"": """",
      ""n_seasonal_rain"": """"
    },
    {
      ""year"": 2014,
      ""n_rain"": 48,
      ""end_rains"": 366,
      ""end_season"": 121,
      ""annual_rain"": 634.6,
      ""start_rains"": 1,
      ""station_name"": ""MFUWE MET"",
      ""season_length"": 120,
      ""seasonal_rain"": 535.9,
      ""n_seasonal_rain"": 33
    },
    {
      ""year"": 2015,
      ""n_rain"": 98,
      ""end_rains"": 358,
      ""end_season"": 121,
      ""annual_rain"": 1158.4,
      ""start_rains"": 4,
      ""station_name"": ""MFUWE MET"",
      ""season_length"": 117,
      ""seasonal_rain"": 517.1,
      ""n_seasonal_rain"": 42
    },
    {
      ""year"": 2016,
      ""n_rain"": 63,
      ""end_rains"": 364,
      ""end_season"": 121,
      ""annual_rain"": 779.5,
      ""start_rains"": 58,
      ""station_name"": ""MFUWE MET"",
      ""season_length"": 63,
      ""seasonal_rain"": 265.9,
      ""n_seasonal_rain"": 19
    },
    {
      ""year"": 2017,
      ""n_rain"": 71,
      ""end_rains"": 361,
      ""end_season"": 121,
      ""annual_rain"": 951.9,
      ""start_rains"": 8,
      ""station_name"": ""MFUWE MET"",
      ""season_length"": 113,
      ""seasonal_rain"": 615.1,
      ""n_seasonal_rain"": 42
    },
    {
      ""year"": 2018,
      ""n_rain"": 71,
      ""end_rains"": 366,
      ""end_season"": 121,
      ""annual_rain"": 1006.3,
      ""start_rains"": 3,
      ""station_name"": ""MFUWE MET"",
      ""season_length"": 118,
      ""seasonal_rain"": 574.6,
      ""n_seasonal_rain"": 38
    },
    {
      ""year"": 2019,
      ""n_rain"": 69,
      ""end_rains"": 366,
      ""end_season"": 121,
      ""annual_rain"": 789,
      ""start_rains"": 6,
      ""station_name"": ""MFUWE MET"",
      ""season_length"": 115,
      ""seasonal_rain"": 395.2,
      ""n_seasonal_rain"": 41
    },
    {
      ""year"": 2020,
      ""n_rain"": 60,
      ""end_rains"": 366,
      ""end_season"": 121,
      ""annual_rain"": 716,
      ""start_rains"": 1,
      ""station_name"": ""MFUWE MET"",
      ""season_length"": 120,
      ""seasonal_rain"": 558.4,
      ""n_seasonal_rain"": 46
    },
    {
      ""year"": 2021,
      ""n_rain"": """",
      ""end_rains"": 278,
      ""end_season"": 121,
      ""annual_rain"": """",
      ""start_rains"": 1,
      ""station_name"": ""MFUWE MET"",
      ""season_length"": 120,
      ""seasonal_rain"": """",
      ""n_seasonal_rain"": """"
    },
    {
      ""year"": 2022,
      ""n_rain"": """",
      ""end_rains"": """",
      ""end_season"": 121,
      ""annual_rain"": """",
      ""start_rains"": 10,
      ""station_name"": ""MFUWE MET"",
      ""season_length"": 111,
      ""seasonal_rain"": 630.1,
      ""n_seasonal_rain"": 50
    }
  ],
  ""metadata"": {
    ""end_rains"": {
      ""end_day"": [
        366
      ],
      ""start_day"": [
        121
      ],
      ""min_rainfall"": [
        10
      ],
      ""interval_length"": [
        1
      ]
    },
    ""end_season"": {
      ""end_day"": [
        366
      ],
      ""capacity"": [
        100
      ],
      ""start_day"": [
        121
      ],
      ""evaporation"": [
        ""value""
      ],
      ""evaporation_value"": [
        5
      ],
      ""water_balance_max"": [
        60
      ]
    },
    ""annual_rain"": {
      ""na_rm"": [
        ""FALSE""
      ],
      ""n_rain"": [
        ""TRUE""
      ],
      ""annual_rain"": [
        ""TRUE""
      ]
    },
    ""start_rains"": {
      ""end_day"": [
        366
      ],
      ""dry_spell"": [
        ""TRUE""
      ],
      ""over_days"": [
        3
      ],
      ""start_day"": [
        1
      ],
      ""threshold"": [
        1
      ],
      ""dry_period"": [
        ""FALSE""
      ],
      ""proportion"": [
        ""FALSE""
      ],
      ""amount_rain"": [
        25
      ],
      ""_last_updated"": [
        ""2022-11-25""
      ],
      ""spell_interval"": [
        21
      ],
      ""total_rainfall"": [
        ""TRUE""
      ],
      ""number_rain_days"": [
        ""FALSE""
      ],
      ""spell_max_dry_days"": [
        10
      ]
    },
    ""seasonal_rain"": {
      ""na_rm"": [
        ""FALSE""
      ],
      ""n_rain"": [
        ""TRUE""
      ],
      ""rain_day"": [
        0.85
      ],
      ""total_rain"": [
        0
      ],
      ""seasonal_rain"": [
        ""TRUE""
      ]
    }
  }
}"
2024-01-18 16:31:49.860777+00,zm_test/33,rainfallSummary,"{""data"":[{""year"":1950,""n_rain"":87,""end_rains"":359,""end_season"":121,""annual_rain"":1115.5,""start_rains"":"""",""station_name"":""PETAUKE MET"",""season_length"":"""",""seasonal_rain"":"""",""n_seasonal_rain"":""""},{""year"":1951,""n_rain"":78,""end_rains"":366,""end_season"":121,""annual_rain"":1132.6,""start_rains"":3,""station_name"":""PETAUKE MET"",""season_length"":118,""seasonal_rain"":633.2,""n_seasonal_rain"":39},{""year"":1952,""n_rain"":77,""end_rains"":366,""end_season"":121,""annual_rain"":1059.3,""start_rains"":1,""station_name"":""PETAUKE MET"",""season_length"":120,""seasonal_rain"":673.9,""n_seasonal_rain"":51},{""year"":1953,""n_rain"":77,""end_rains"":365,""end_season"":121,""annual_rain"":1254.6,""start_rains"":2,""station_name"":""PETAUKE MET"",""season_length"":119,""seasonal_rain"":933.9,""n_seasonal_rain"":52},{""year"":1954,""n_rain"":64,""end_rains"":365,""end_season"":121,""annual_rain"":750.7,""start_rains"":1,""station_name"":""PETAUKE MET"",""season_length"":120,""seasonal_rain"":436.5,""n_seasonal_rain"":35},{""year"":1955,""n_rain"":82,""end_rains"":361,""end_season"":121,""annual_rain"":1089,""start_rains"":1,""station_name"":""PETAUKE MET"",""season_length"":120,""seasonal_rain"":776.5,""n_seasonal_rain"":54},{""year"":1956,""n_rain"":92,""end_rains"":365,""end_season"":121,""annual_rain"":1099.7,""start_rains"":1,""station_name"":""PETAUKE MET"",""season_length"":120,""seasonal_rain"":761.6,""n_seasonal_rain"":56},{""year"":1957,""n_rain"":93,""end_rains"":355,""end_season"":121,""annual_rain"":884.6,""start_rains"":1,""station_name"":""PETAUKE MET"",""season_length"":120,""seasonal_rain"":535.1,""n_seasonal_rain"":58},{""year"":1958,""n_rain"":70,""end_rains"":363,""end_season"":121,""annual_rain"":1091,""start_rains"":4,""station_name"":""PETAUKE MET"",""season_length"":117,""seasonal_rain"":802.6,""n_seasonal_rain"":45},{""year"":1959,""n_rain"":64,""end_rains"":363,""end_season"":121,""annual_rain"":1209.5,""start_rains"":2,""station_name"":""PETAUKE MET"",""season_length"":119,""seasonal_rain"":730.6999999999999,""n_seasonal_rain"":40},{""year"":1960,""n_rain"":58,""end_rains"":365,""end_season"":121,""annual_rain"":627,""start_rains"":27,""station_name"":""PETAUKE MET"",""season_length"":94,""seasonal_rain"":323.3,""n_seasonal_rain"":27},{""year"":1961,""n_rain"":102,""end_rains"":357,""end_season"":121,""annual_rain"":1363.1,""start_rains"":1,""station_name"":""PETAUKE MET"",""season_length"":120,""seasonal_rain"":905.1999999999999,""n_seasonal_rain"":68},{""year"":1962,""n_rain"":89,""end_rains"":365,""end_season"":121,""annual_rain"":1262.5,""start_rains"":7,""station_name"":""PETAUKE MET"",""season_length"":114,""seasonal_rain"":897.6,""n_seasonal_rain"":52},{""year"":1963,""n_rain"":69,""end_rains"":363,""end_season"":121,""annual_rain"":818.9,""start_rains"":1,""station_name"":""PETAUKE MET"",""season_length"":120,""seasonal_rain"":588.6,""n_seasonal_rain"":47},{""year"":1964,""n_rain"":61,""end_rains"":366,""end_season"":121,""annual_rain"":873.1,""start_rains"":4,""station_name"":""PETAUKE MET"",""season_length"":117,""seasonal_rain"":631.6,""n_seasonal_rain"":34},{""year"":1965,""n_rain"":71,""end_rains"":364,""end_season"":121,""annual_rain"":873.9,""start_rains"":1,""station_name"":""PETAUKE MET"",""season_length"":120,""seasonal_rain"":649.2,""n_seasonal_rain"":46},{""year"":1966,""n_rain"":76,""end_rains"":360,""end_season"":121,""annual_rain"":763,""start_rains"":10,""station_name"":""PETAUKE MET"",""season_length"":111,""seasonal_rain"":502.4,""n_seasonal_rain"":46},{""year"":1967,""n_rain"":87,""end_rains"":362,""end_season"":121,""annual_rain"":967.3,""start_rains"":4,""station_name"":""PETAUKE MET"",""season_length"":117,""seasonal_rain"":747.5,""n_seasonal_rain"":56},{""year"":1968,""n_rain"":78,""end_rains"":363,""end_season"":121,""annual_rain"":928.8,""start_rains"":10,""station_name"":""PETAUKE MET"",""season_length"":111,""seasonal_rain"":497.4,""n_seasonal_rain"":40},{""year"":1969,""n_rain"":99,""end_rains"":366,""end_season"":121,""annual_rain"":1115.6,""start_rains"":4,""station_name"":""PETAUKE MET"",""season_length"":117,""seasonal_rain"":617.8,""n_seasonal_rain"":63},{""year"":1970,""n_rain"":64,""end_rains"":365,""end_season"":121,""annual_rain"":809.3,""start_rains"":1,""station_name"":""PETAUKE MET"",""season_length"":120,""seasonal_rain"":341.4,""n_seasonal_rain"":31},{""year"":1971,""n_rain"":73,""end_rains"":356,""end_season"":121,""annual_rain"":1033.1,""start_rains"":3,""station_name"":""PETAUKE MET"",""season_length"":118,""seasonal_rain"":736.6,""n_seasonal_rain"":48},{""year"":1972,""n_rain"":66,""end_rains"":364,""end_season"":121,""annual_rain"":739.7,""start_rains"":10,""station_name"":""PETAUKE MET"",""season_length"":111,""seasonal_rain"":449,""n_seasonal_rain"":41},{""year"":1973,""n_rain"":72,""end_rains"":365,""end_season"":121,""annual_rain"":915.9,""start_rains"":2,""station_name"":""PETAUKE MET"",""season_length"":119,""seasonal_rain"":566.1,""n_seasonal_rain"":39},{""year"":1974,""n_rain"":97,""end_rains"":365,""end_season"":121,""annual_rain"":1101.1,""start_rains"":1,""station_name"":""PETAUKE MET"",""season_length"":120,""seasonal_rain"":729.2,""n_seasonal_rain"":64},{""year"":1975,""n_rain"":68,""end_rains"":364,""end_season"":121,""annual_rain"":668.2,""start_rains"":1,""station_name"":""PETAUKE MET"",""season_length"":120,""seasonal_rain"":360.9,""n_seasonal_rain"":43},{""year"":1976,""n_rain"":93,""end_rains"":365,""end_season"":121,""annual_rain"":1271,""start_rains"":5,""station_name"":""PETAUKE MET"",""season_length"":116,""seasonal_rain"":831.6,""n_seasonal_rain"":62},{""year"":1977,""n_rain"":86,""end_rains"":360,""end_season"":121,""annual_rain"":990.7,""start_rains"":3,""station_name"":""PETAUKE MET"",""season_length"":118,""seasonal_rain"":621.1,""n_seasonal_rain"":51},{""year"":1978,""n_rain"":101,""end_rains"":366,""end_season"":121,""annual_rain"":1318.8,""start_rains"":2,""station_name"":""PETAUKE MET"",""season_length"":119,""seasonal_rain"":871.7,""n_seasonal_rain"":67},{""year"":1979,""n_rain"":71,""end_rains"":358,""end_season"":121,""annual_rain"":640.4,""start_rains"":1,""station_name"":""PETAUKE MET"",""season_length"":120,""seasonal_rain"":313.7,""n_seasonal_rain"":38},{""year"":1980,""n_rain"":82,""end_rains"":363,""end_season"":121,""annual_rain"":1197.7,""start_rains"":24,""station_name"":""PETAUKE MET"",""season_length"":97,""seasonal_rain"":670.2,""n_seasonal_rain"":42},{""year"":1981,""n_rain"":70,""end_rains"":365,""end_season"":121,""annual_rain"":938.7,""start_rains"":2,""station_name"":""PETAUKE MET"",""season_length"":119,""seasonal_rain"":738.9,""n_seasonal_rain"":53},{""year"":1982,""n_rain"":72,""end_rains"":354,""end_season"":121,""annual_rain"":977.2,""start_rains"":1,""station_name"":""PETAUKE MET"",""season_length"":120,""seasonal_rain"":642.6,""n_seasonal_rain"":43},{""year"":1983,""n_rain"":55,""end_rains"":362,""end_season"":121,""annual_rain"":739,""start_rains"":14,""station_name"":""PETAUKE MET"",""season_length"":107,""seasonal_rain"":510.4,""n_seasonal_rain"":33},{""year"":1984,""n_rain"":79,""end_rains"":364,""end_season"":121,""annual_rain"":1046,""start_rains"":14,""station_name"":""PETAUKE MET"",""season_length"":107,""seasonal_rain"":631.3,""n_seasonal_rain"":41},{""year"":1985,""n_rain"":86,""end_rains"":355,""end_season"":121,""annual_rain"":1197.2,""start_rains"":6,""station_name"":""PETAUKE MET"",""season_length"":115,""seasonal_rain"":858.3,""n_seasonal_rain"":52},{""year"":1986,""n_rain"":85,""end_rains"":364,""end_season"":121,""annual_rain"":1077.1,""start_rains"":1,""station_name"":""PETAUKE MET"",""season_length"":120,""seasonal_rain"":806.7,""n_seasonal_rain"":61},{""year"":1987,""n_rain"":58,""end_rains"":365,""end_season"":121,""annual_rain"":564.5,""start_rains"":17,""station_name"":""PETAUKE MET"",""season_length"":104,""seasonal_rain"":361.8,""n_seasonal_rain"":30},{""year"":1988,""n_rain"":74,""end_rains"":355,""end_season"":121,""annual_rain"":986.4,""start_rains"":17,""station_name"":""PETAUKE MET"",""season_length"":104,""seasonal_rain"":737.2,""n_seasonal_rain"":50},{""year"":1989,""n_rain"":73,""end_rains"":366,""end_season"":121,""annual_rain"":1402.7,""start_rains"":8,""station_name"":""PETAUKE MET"",""season_length"":113,""seasonal_rain"":939.9,""n_seasonal_rain"":50},{""year"":1990,""n_rain"":59,""end_rains"":366,""end_season"":121,""annual_rain"":826,""start_rains"":1,""station_name"":""PETAUKE MET"",""season_length"":120,""seasonal_rain"":589.3,""n_seasonal_rain"":42},{""year"":1991,""n_rain"":71,""end_rains"":361,""end_season"":121,""annual_rain"":773.9,""start_rains"":2,""station_name"":""PETAUKE MET"",""season_length"":119,""seasonal_rain"":501.3,""n_seasonal_rain"":46},{""year"":1992,""n_rain"":63,""end_rains"":363,""end_season"":121,""annual_rain"":647.6,""start_rains"":22,""station_name"":""PETAUKE MET"",""season_length"":99,""seasonal_rain"":290.6,""n_seasonal_rain"":33},{""year"":1993,""n_rain"":80,""end_rains"":360,""end_season"":121,""annual_rain"":1256.2,""start_rains"":1,""station_name"":""PETAUKE MET"",""season_length"":120,""seasonal_rain"":891.1,""n_seasonal_rain"":53},{""year"":1994,""n_rain"":48,""end_rains"":366,""end_season"":121,""annual_rain"":673.4,""start_rains"":18,""station_name"":""PETAUKE MET"",""season_length"":103,""seasonal_rain"":381.1,""n_seasonal_rain"":23},{""year"":1995,""n_rain"":62,""end_rains"":366,""end_season"":121,""annual_rain"":740.3,""start_rains"":1,""station_name"":""PETAUKE MET"",""season_length"":120,""seasonal_rain"":412.9,""n_seasonal_rain"":37},{""year"":1996,""n_rain"":84,""end_rains"":364,""end_season"":121,""annual_rain"":969.2,""start_rains"":1,""station_name"":""PETAUKE MET"",""season_length"":120,""seasonal_rain"":627.5,""n_seasonal_rain"":51},{""year"":1997,""n_rain"":84,""end_rains"":361,""end_season"":121,""annual_rain"":1131.7,""start_rains"":5,""station_name"":""PETAUKE MET"",""season_length"":116,""seasonal_rain"":730.2,""n_seasonal_rain"":47},{""year"":1998,""n_rain"":44,""end_rains"":359,""end_season"":121,""annual_rain"":841.7,""start_rains"":10,""station_name"":""PETAUKE MET"",""season_length"":111,""seasonal_rain"":369.1,""n_seasonal_rain"":21},{""year"":1999,""n_rain"":75,""end_rains"":363,""end_season"":121,""annual_rain"":757.5,""start_rains"":5,""station_name"":""PETAUKE MET"",""season_length"":116,""seasonal_rain"":592.4,""n_seasonal_rain"":54},{""year"":2000,""n_rain"":96,""end_rains"":366,""end_season"":121,""annual_rain"":1307.4,""start_rains"":12,""station_name"":""PETAUKE MET"",""season_length"":109,""seasonal_rain"":769.3,""n_seasonal_rain"":55},{""year"":2001,""n_rain"":75,""end_rains"":361,""end_season"":121,""annual_rain"":917.7,""start_rains"":12,""station_name"":""PETAUKE MET"",""season_length"":109,""seasonal_rain"":606.7,""n_seasonal_rain"":49},{""year"":2002,""n_rain"":69,""end_rains"":365,""end_season"":121,""annual_rain"":1038.7,""start_rains"":9,""station_name"":""PETAUKE MET"",""season_length"":112,""seasonal_rain"":621.2,""n_seasonal_rain"":43},{""year"":2003,""n_rain"":70,""end_rains"":364,""end_season"":121,""annual_rain"":902.7,""start_rains"":12,""station_name"":""PETAUKE MET"",""season_length"":109,""seasonal_rain"":677.9,""n_seasonal_rain"":43},{""year"":2004,""n_rain"":79,""end_rains"":359,""end_season"":121,""annual_rain"":993.1,""start_rains"":19,""station_name"":""PETAUKE MET"",""season_length"":102,""seasonal_rain"":593,""n_seasonal_rain"":42},{""year"":2005,""n_rain"":53,""end_rains"":361,""end_season"":121,""annual_rain"":593.9,""start_rains"":4,""station_name"":""PETAUKE MET"",""season_length"":117,""seasonal_rain"":364.7,""n_seasonal_rain"":24},{""year"":2006,""n_rain"":53,""end_rains"":321,""end_season"":121,""annual_rain"":689.7,""start_rains"":6,""station_name"":""PETAUKE MET"",""season_length"":115,""seasonal_rain"":593.6,""n_seasonal_rain"":44},{""year"":2007,""n_rain"":83,""end_rains"":365,""end_season"":121,""annual_rain"":1104.4,""start_rains"":5,""station_name"":""PETAUKE MET"",""season_length"":116,""seasonal_rain"":752.3,""n_seasonal_rain"":50},{""year"":2008,""n_rain"":69,""end_rains"":362,""end_season"":121,""annual_rain"":844.6,""start_rains"":8,""station_name"":""PETAUKE MET"",""season_length"":113,""seasonal_rain"":459.9,""n_seasonal_rain"":35},{""year"":2009,""n_rain"":73,""end_rains"":366,""end_season"":121,""annual_rain"":993.5,""start_rains"":8,""station_name"":""PETAUKE MET"",""season_length"":113,""seasonal_rain"":631.8,""n_seasonal_rain"":45},{""year"":2010,""n_rain"":85,""end_rains"":363,""end_season"":121,""annual_rain"":979.9,""start_rains"":8,""station_name"":""PETAUKE MET"",""season_length"":113,""seasonal_rain"":714.7,""n_seasonal_rain"":55},{""year"":2011,""n_rain"":76,""end_rains"":365,""end_season"":121,""annual_rain"":975.2,""start_rains"":12,""station_name"":""PETAUKE MET"",""season_length"":109,""seasonal_rain"":485.5,""n_seasonal_rain"":43},{""year"":2012,""n_rain"":66,""end_rains"":363,""end_season"":121,""annual_rain"":1088.7,""start_rains"":1,""station_name"":""PETAUKE MET"",""season_length"":120,""seasonal_rain"":624.2,""n_seasonal_rain"":44},{""year"":2013,""n_rain"":57,""end_rains"":365,""end_season"":121,""annual_rain"":632.3,""start_rains"":5,""station_name"":""PETAUKE MET"",""season_length"":116,""seasonal_rain"":375.3,""n_seasonal_rain"":36},{""year"":2014,""n_rain"":67,""end_rains"":366,""end_season"":121,""annual_rain"":776.6,""start_rains"":1,""station_name"":""PETAUKE MET"",""season_length"":120,""seasonal_rain"":585.5,""n_seasonal_rain"":51},{""year"":2015,""n_rain"":"""",""end_rains"":356,""end_season"":121,""annual_rain"":"""",""start_rains"":1,""station_name"":""PETAUKE MET"",""season_length"":120,""seasonal_rain"":649.6,""n_seasonal_rain"":47},{""year"":2016,""n_rain"":65,""end_rains"":366,""end_season"":121,""annual_rain"":847.2,""start_rains"":15,""station_name"":""PETAUKE MET"",""season_length"":106,""seasonal_rain"":365,""n_seasonal_rain"":31},{""year"":2017,""n_rain"":"""",""end_rains"":"""",""end_season"":121,""annual_rain"":"""",""start_rains"":7,""station_name"":""PETAUKE MET"",""season_length"":114,""seasonal_rain"":718.2,""n_seasonal_rain"":42},{""year"":2018,""n_rain"":"""",""end_rains"":357,""end_season"":121,""annual_rain"":"""",""start_rains"":39,""station_name"":""PETAUKE MET"",""season_length"":82,""seasonal_rain"":390,""n_seasonal_rain"":21},{""year"":2019,""n_rain"":56,""end_rains"":366,""end_season"":121,""annual_rain"":756.4,""start_rains"":2,""station_name"":""PETAUKE MET"",""season_length"":119,""seasonal_rain"":455.9,""n_seasonal_rain"":35},{""year"":2020,""n_rain"":"""",""end_rains"":364,""end_season"":"""",""annual_rain"":"""",""start_rains"":"""",""station_name"":""PETAUKE MET"",""season_length"":"""",""seasonal_rain"":"""",""n_seasonal_rain"":""""},{""year"":2021,""n_rain"":"""",""end_rains"":366,""end_season"":121,""annual_rain"":"""",""start_rains"":6,""station_name"":""PETAUKE MET"",""season_length"":115,""seasonal_rain"":778.1,""n_seasonal_rain"":52},{""year"":2022,""n_rain"":"""",""end_rains"":"""",""end_season"":121,""annual_rain"":"""",""start_rains"":"""",""station_name"":""PETAUKE MET"",""season_length"":"""",""seasonal_rain"":"""",""n_seasonal_rain"":""""}],""metadata"":{""end_rains"":{""end_day"":[366],""start_day"":[121],""min_rainfall"":[10],""interval_length"":[1]},""end_season"":{""end_day"":[366],""capacity"":[100],""start_day"":[121],""evaporation"":[""value""],""evaporation_value"":[5],""water_balance_max"":[60]},""annual_rain"":{""na_rm"":[""FALSE""],""n_rain"":[""TRUE""],""annual_rain"":[""TRUE""]},""start_rains"":{""end_day"":[366],""dry_spell"":[""TRUE""],""over_days"":[3],""start_day"":[1],""threshold"":[1],""dry_period"":[""FALSE""],""proportion"":[""FALSE""],""amount_rain"":[25],""_last_updated"":[""2022-11-25""],""spell_interval"":[21],""total_rainfall"":[""TRUE""],""number_rain_days"":[""FALSE""],""spell_max_dry_days"":[10]},""seasonal_rain"":{""na_rm"":[""FALSE""],""n_rain"":[""TRUE""],""rain_day"":[0.85],""total_rain"":[0],""seasonal_rain"":[""TRUE""]}}}"
